Video_ID,Hashtags
video_001,"['beauty', 'makeup', 'skincare']"
video_002,"['beauty', 'makeup', 'skincare']"
video_003,"['popculture', 'celebrity', 'trending']"
video_004,"['fashion', 'style', 'jewelry']"
video_005,"['popculture', 'celebrity', 'trending']"
video_006,"['food', 'recipes', 'healthy']"
video_007,"['popculture', 'celebrity', 'trending']"
video_008,"['fitness', 'wellness', 'workout']"
video_009,"['popculture', 'celebrity', 'trending']"
video_010,"['travel', 'adventure', 'explore']"
video_011,"['popculture', 'celebrity', 'trending']"
video_012,"['popculture', 'celebrity', 'trending']"
video_013,"['popculture', 'celebrity', 'trending']"
video_014,"['fitness', 'wellness', 'workout']"
video_015,"['fashion', 'style', 'jewelry']"
video_016,"['fashion', 'style', 'jewelry']"
video_017,"['fitness', 'wellness', 'workout']"
video_018,"['popculture', 'celebrity', 'trending']"
video_019,"['motivation', 'inspiration', 'positivity']"
video_020,"['popculture', 'celebrity', 'trending']"
video_021,"['dance', 'music', 'trending']"
video_022,"['food', 'recipes', 'healthy']"
video_023,"['food', 'recipes', 'healthy']"
video_024,"['fitness', 'wellness', 'workout']"
video_025,"['beauty', 'makeup', 'skincare']"
video_026,"['funny', 'relatable', 'humor']"
video_027,"['popculture', 'celebrity', 'trending']"
video_028,"['dance', 'music', 'trending']"
video_029,"['beauty', 'makeup', 'skincare']"
video_030,"['beauty', 'makeup', 'skincare']"
video_031,"['travel', 'adventure', 'explore']"
video_032,"['beauty', 'makeup', 'skincare']"
video_033,"['fashion', 'style', 'jewelry']"
video_034,"['beauty', 'makeup', 'skincare']"
video_035,"['lifestyle', 'aesthetic', 'selfcare']"
video_036,"['dance', 'music', 'trending']"
video_037,"['popculture', 'celebrity', 'trending']"
video_038,"['fitness', 'wellness', 'workout']"
video_039,"['fashion', 'style', 'jewelry']"
video_040,"['dance', 'music', 'trending']"
video_041,"['fitness', 'wellness', 'workout']"
video_042,"['lifestyle', 'aesthetic', 'selfcare']"
video_043,"['funny', 'relatable', 'humor']"
video_044,"['food', 'recipes', 'healthy']"
video_045,"['fashion', 'style', 'jewelry']"
video_046,"['food', 'recipes', 'healthy']"
video_047,"['beauty', 'makeup', 'skincare']"
video_048,"['food', 'recipes', 'healthy']"
video_049,"['beauty', 'makeup', 'skincare']"
video_050,"['travel', 'adventure', 'explore']"
video_051,"['fashion', 'style', 'jewelry']"
video_052,"['lifestyle', 'aesthetic', 'selfcare']"
video_053,"['fashion', 'style', 'jewelry']"
video_054,"['lifestyle', 'aesthetic', 'selfcare']"
video_055,"['funny', 'relatable', 'humor']"
video_056,"['funny', 'relatable', 'humor']"
video_057,"['popculture', 'celebrity', 'trending']"
video_058,"['motivation', 'inspiration', 'positivity']"
video_059,"['food', 'recipes', 'healthy']"
video_060,"['fitness', 'wellness', 'workout']"
video_061,"['beauty', 'makeup', 'skincare']"
video_062,"['lifestyle', 'aesthetic', 'selfcare']"
video_063,"['fashion', 'style', 'jewelry']"
video_064,"['fitness', 'wellness', 'workout']"
video_065,"['funny', 'relatable', 'humor']"
video_066,"['fashion', 'style', 'jewelry']"
video_067,"['beauty', 'makeup', 'skincare']"
video_068,"['beauty', 'makeup', 'skincare']"
video_069,"['dance', 'music', 'trending']"
video_070,"['popculture', 'celebrity', 'trending']"
video_071,"['fitness', 'wellness', 'workout']"
video_072,"['beauty', 'makeup', 'skincare']"
video_073,"['beauty', 'makeup', 'skincare']"
video_074,"['popculture', 'celebrity', 'trending']"
video_075,"['travel', 'adventure', 'explore']"
video_076,"['funny', 'relatable', 'humor']"
video_077,"['fitness', 'wellness', 'workout']"
video_078,"['food', 'recipes', 'healthy']"
video_079,"['fashion', 'style', 'jewelry']"
video_080,"['fashion', 'style', 'jewelry']"
video_081,"['fashion', 'style', 'jewelry']"
video_082,"['travel', 'adventure', 'explore']"
video_083,"['motivation', 'inspiration', 'positivity']"
video_084,"['food', 'recipes', 'healthy']"
video_085,"['fitness', 'wellness', 'workout']"
video_086,"['fashion', 'style', 'jewelry']"
video_087,"['lifestyle', 'aesthetic', 'selfcare']"
video_088,"['fashion', 'style', 'jewelry']"
video_089,"['popculture', 'celebrity', 'trending']"
video_090,"['fashion', 'style', 'jewelry']"
video_091,"['travel', 'adventure', 'explore']"
video_092,"['fashion', 'style', 'jewelry']"
video_093,"['popculture', 'celebrity', 'trending']"
video_094,"['fashion', 'style', 'jewelry']"
video_095,"['funny', 'relatable', 'humor']"
video_096,"['lifestyle', 'aesthetic', 'selfcare']"
video_097,"['travel', 'adventure', 'explore']"
video_098,"['beauty', 'makeup', 'skincare']"
video_099,"['dance', 'music', 'trending']"
video_100,"['beauty', 'makeup', 'skincare']"
